{"cameraMode":{"drawMode":0,"name":"Shaded","section":"Shading Mode"},"sceneLighting":false,"audioPlay":false,"sceneViewState":{"m_AlwaysRefresh":false,"showFog":true,"showSkybox":false,"showFlares":true,"showImageEffects":true,"showParticleSystems":true,"showVisualEffectGraphs":true,"m_FxEnabled":true},"in2DMode":false,"pivot":{"x":-0.03864879906177521,"y":0.4755539894104004,"z":-0.8938413858413696},"rotation":{"x":0.16792230308055879,"y":-0.2988000512123108,"z":0.05407463759183884,"w":0.9380598664283752},"size":0.08103121817111969,"orthographic":false}